Model,Baseline_MAE,Tuned_MAE,MAE_Improvement_%,Baseline_R2,Tuned_R2,R2_Improvement_%
LightGBM,3.1401307590492316,3.1127038931726427,0.8734306938508869,0.8941565271029741,0.8981517195691004,0.4468113070840717
XGBoost,3.146095788315848,3.157511733134549,-0.3628606878753724,0.8916140487853799,0.8960462653813928,0.497100354357446
