Model,MAE (W),RMSE (W),MAPE (%),R²
LightGBM,3.140130759049231,4.571353103622239,11.056167012542652,0.8941565271029741
XGBoost,3.146095788315848,4.625931789488643,11.093774632428243,0.8916140487853799
Linear Regression,3.4925902613457156,4.862163024316928,13.437386833518294,0.8802615652680279
Random Forest,3.254012229380856,4.8945257707854966,11.566515903849076,0.878662293142925
