Model,MAE (W),RMSE (W),MAPE (%),R²
LightGBM,3.340571698350769,4.791431675028614,12.286080219915748,0.8837199678609121
XGBoost,3.3431773198678485,4.855669235672365,12.326125410353823,0.8805811912621533
Linear Regression,3.546812770660432,4.955897567876246,13.669593093227157,0.8756003418363865
Random Forest,3.484783985758464,5.126144122588876,12.902787870000608,0.8669067075908775
