Model,MAE (W),RMSE (W),MAPE (%),R²
XGBoost,3.2759130495882602,4.695396010148773,12.05732910113523,0.8793041685973997
LightGBM,3.3337182444422053,4.87502575378209,12.24575572615965,0.8693351361238101
Random Forest,3.4659058416211104,5.1605890999953035,12.750305963562742,0.8538246353876936
Linear Regression,226759573884.2159,1401079737831.3994,1038885126210.7773,-3.3966871505782062e+22
