Model,MAE (W),RMSE (W),MAPE (%),R²
LightGBM,3.1127038931726427,4.484247538958645,10.92733656633971,0.8981517195691004
XGBoost,3.157511733134549,4.530360647225556,11.160889351936966,0.8960462653813928
