Model,MAE (W),RMSE (W),MAPE (%),R²
LightGBM,3.1412504584138787,4.580698304929511,11.017211407600417,0.8937233338777367
XGBoost,3.1663381096792635,4.615977179163568,11.110231041748797,0.8920800215081995
Linear Regression,3.4827989858613364,4.843318429462434,13.365864337608869,0.8811879223646499
Random Forest,3.2242115031830654,4.857151018940896,11.45437554635942,0.8805082951137134
