Model,MAE (W),RMSE (W),MAPE (%),R²
XGBoost,3.451986058293089,4.875842296280021,13.213180703322763,0.870650394290941
LightGBM,3.5121736210311516,5.056524627128312,13.45683588842748,0.8601771257463676
Random Forest,3.6899730488268894,5.358713604002337,14.102909515592492,0.8430162619361828
Linear Regression,150747403536.74988,586613851697.6996,999677392671.5652,-6.511950904492786e+21
